title,description,published_at,link,type,id,Market Optimism,Panic Selling,Hype,Uncertainty,Regulation Fear
目WLFI推出的美元穩定幣USD1成交量已超4491萬美元,"Odaily星球日報訊 根據CoinGecko 數據，由川普加密計畫WLFI 推出的美元穩定幣USD1 成交額已超4,491 萬美元。 今日消息，DWF Labs 已開始在以太坊和BSC 鏈上添加USD1 流動性。",2025-04-12 23:58:17,https://www.odaily.news/zhtw/newsflash/426889,newsflashes,426889,,,1,,
BTC突破85000 USDT，24H漲幅4.09%,"Odaily星球日報訊 OKX 行情顯示，BTC 突破85,000 USDT，現報85044 USDT，24H 漲幅4.09%。 （本條快訊由AI輔助生成）",2025-04-12 22:32:00,https://www.odaily.news/zhtw/newsflash/426887,newsflashes,426887,1,,,,
Andrew Kang：貿易戰與「川普Put」將助推BTC扭轉多個月下行趨勢,Odaily星球日報訊 交易員Andrew Kang 發文表示，當前貿易戰引發的市場出清疊加「川普Put」預期，為BTC 扭轉個多月下降趨勢提供了完美契機。他暗示BTC 或將迎來強勢反彈行情。,2025-04-12 22:24:10,https://www.odaily.news/zhtw/newsflash/426886,newsflashes,426886,1,,1,,
星球晚訊,1：溫哥華市長：正在評估將部分城市財政儲備轉換為比特幣； 2：幣安將調整ORCAUSDT 合約資金費率結算頻率； 3：眾安銀行調研：超3/4 受訪者希望香港擴大加密貨幣支持並使用Tether 和USDC 等穩定幣； 4：交易員Eugene：已止損此前空單，市場正顯現強勢將觀望為主； 5：Tether 在Tron 網絡增發10 億枚USDT，年內累計增發已達90 億枚； 6：分析稱ETH 或已完成本輪市場築底，鏈上指標顯示或接近反轉區間；7：DWF Labs 已在ETH 與BSC 部署USD1 流動性，USD1 將正式上線流通； 8：CZ 回應WSJ 報導：有人買通記者抹黑我，政府證人不會入獄； 9：DWF Labs 合夥人：持有USD1 可優先參與Falcon Stable 內測及Farm 活動； 10：幣安將上線PUMPUSDT、STOUSDT 和FHEUSDT 永續合約；11：以太坊過去30 天處理了1.18 兆美元的穩定幣轉賬，創歷史新高。,2025-04-12 21:18:41,https://www.odaily.news/zhtw/newsflash/426883,newsflashes,426883,1,,1,,
DWF Labs已在ETH與BSC部署USD1流動性，USD1將正式上線流通,"Odaily星球日報訊 根據@EmberCN 監測，DWF Labs 已開始在鏈上部署由川普家族支持的DeFi 計畫WLFI 推出的美元穩定幣USD1 流動性，標誌著該穩定幣現已支援鏈上流通與交易。數據顯示，過去8 天內，DWF Labs 地址在以太坊和BSC 兩條鏈上共從WLFI 接收了1,100 萬枚USD1。 目前部署情況包括： 以太坊鏈：已在Uniswap V3 上部署USDT/USD1、USDC/USD1、USDf/USD1、ETH/USD1 交易對； BSC 鏈：已在PancakeSwap V3 上部署USDT/USD1、BNB/USD1 交易對。
",2025-04-12 17:47:59,https://www.odaily.news/zhtw/newsflash/426876,newsflashes,426876,,,1,,
TRC20-USDT發行量突破687億枚，創歷史新高,"Odaily星球日報訊 最新消息，TRC20-USDT 發行量增加至687 億枚，創歷史新高。今年以來，波場網路已累計增發近90 億枚USDT，截至目前，TRC20-USDT 佔全網USDT 總發行量的47.6%，持有帳戶數達6,402 萬，累計轉帳數超過24.35 億筆。 此外，波場TRON 總帳戶數昨日突破三億大關，波場TRON 創始人孫宇晨對此表示：「一切才剛開始，我們的未來是全球的80 億人」 TRC20-USDT 是Tether 公司基於波場TRON 網路發行的錨定美元的穩定幣，轉帳速度快、低手續費的特徵已吸引了B5、B. ex 等多家交易所的支援。基於TRC20 版本的USDT 將大幅提升波場TRON 現有的去中心化應用生態系統，帶來更高的整體價值儲存和更強的去中心化交易所流動性，並為企業級合作夥伴與機構投資者提供更便捷的區塊鏈入口。
",2025-04-12 17:36:39,https://www.odaily.news/zhtw/newsflash/426875,newsflashes,426875,1,,1,,
分析稱ETH或已完成本輪市場築底，鏈上指標顯示或接近反轉區間,"Odaily星球日報訊 據加密分析師Ali Martinez 在社群平台發文稱，ETH 可能已完成本輪市場週期的出清階段。其指出，ETH 的「實體調整休眠流」已跌破100 萬，該鏈上指標通常預示宏觀底部區域，表明ETH 或被低估，長線持有者無意出售，可能存在「聰明資金」正在低位吸籌的情況。 ETH 目前價格約為$1,557，較兩年前下跌17%，同期BTC 漲幅近100%。儘管市場情緒仍低迷，Martinez 警告若拋壓持續，ETH 可能進一步下探至$1,200。但也有分析師NotWojak 認為，ETH 有望突破並上探$1,835。另有交易員指出，BTC 市值佔比（BTC.D）正接近高點，或為山寨幣短期反彈鋪路。目前BTC.D 約為63.5%。 （newsbtc）",2025-04-12 16:38:30,https://www.odaily.news/zhtw/newsflash/426873,newsflashes,426873,,1,,1,
Tether在Tron網路增發10億枚USDT，年內累計增發已達90億枚,Odaily星球日報訊 根據@OnchainLens 監測，Tether 今日在Tron 網路增發10 億枚USDT。自2025 年以來，Tether 在Tron 網路累計增發已達90 億枚USDT。,2025-04-12 16:30:57,https://www.odaily.news/zhtw/newsflash/426872,newsflashes,426872,,,,,
加密壽險新創公司Meanwhile完成4000萬美元A輪融資，Framework與Fulgur領投,"Odaily星球日報訊 加密貨幣領域壽險新創公司Meanwhile 宣布完成4,000 萬美元A 輪融資，估值達1.9 億美元，由Framework Ventures 和Fulgur Ventures 領投。融資資金將用於全球擴張及合規建設。聯合創始人Zac Townsend 表示，比特幣作為去中心化的價值儲存工具，對未來世代具有獨特吸引力。",2025-04-12 16:27:23,https://www.odaily.news/zhtw/newsflash/426870,newsflashes,426870,1,,,,
交易員Eugene：已停損先前空單，市場正顯現強勢將觀望為主,"Odaily星球日報訊 交易員Eugene發文表示，其空單已停損離場，本次交易風險控制在2%。他指出，市場正表現出顯著強勢，關鍵位置（如SOL的125美元）有被重新站上的趨勢，因此將暫時轉為觀望。 先前消息，Eugene曾在BTC觸及83,500美元時小幅做空ETH、SOL與XRP。",2025-04-12 16:19:53,https://www.odaily.news/zhtw/newsflash/426869,newsflashes,426869,1,,,,
BTC突破84000 USDT，24H漲幅3.13%,Odaily星球日報訊 OKX 行情顯示，BTC 突破84000 USDT，現報84002.8 USDT，24H 漲幅3.13%。 （本條快訊由AI輔助生成）,2025-04-12 16:14:00,https://www.odaily.news/zhtw/newsflash/426868,newsflashes,426868,1,,,,
ETH突破1600 USDT，24H漲幅2.4%,Odaily星球日報訊 OKX 行情顯示，ETH 突破1600 USDT，現報1600.38 USDT，24H 漲幅2.4%。 （本條快訊由AI輔助生成）,2025-04-12 16:10:00,https://www.odaily.news/zhtw/newsflash/426867,newsflashes,426867,1,,,,
眾安銀行調查：超3/4受訪者希望香港擴大加密貨幣支持並使用Tether和USDC等穩定幣,"Odaily星球日報訊 香港眾安銀行（ZA Bank）過去三週進行的一項調查結果顯示其客戶歡迎透過銀行購買加密貨幣，其中81%受訪者希望銀行能夠像處理現金一樣直接將加密貨幣轉入轉出，而不是單純地提供加密貨幣買賣解決方案。超過四分之三的受訪者希望香港能夠支援更廣泛的加密貨幣，並希望能夠使用Tether 和USDC 等主流穩定幣。此外，由於先前ByBit 加密貨幣交易所資金遭到駭客攻擊，超過四分之三的客戶也表示信任銀行作為其加密貨幣資金的管理方並信任銀行進行風險控制和詐欺預防。 （LedgerInsights） 註：眾安銀行由眾安國際創立，於2019 年3 月27 日獲香港金融管理局頒發牌照透過線上管道提供銀行服務，2024 年11 月宣佈在其App 推出加密貨幣交易服務，允許用戶透過港幣及美元買賣比特幣和以太坊。
",2025-04-12 16:09:27,https://www.odaily.news/zhtw/newsflash/426866,newsflashes,426866,1,,,,
以太坊過去30天處理了1.18兆美元的穩定幣轉賬，創歷史新高,"Odaily星球日報訊 過去30 天裡，以太幣處理了價值1.18 兆美元的穩定幣轉賬，成為以太幣有史以來穩定幣轉帳額最大的30 天。
",2025-04-12 15:17:01,https://www.odaily.news/zhtw/newsflash/426861,newsflashes,426861,1,,,,
溫哥華市長：正在評估將部分城市財政儲備轉換為比特幣,"Odaily星球日報訊 加拿大溫哥華市長Ken Sim 在最近活動時發表主題演講表示將繼續推動溫哥華成為比特幣友好城市，目前他正在等待市政府工作人員的報告，以確認將數位貨幣融入溫哥華市的金融戰略和體系，包括但不限於接受比特幣支付稅費，以及將部分城市財政儲備轉換為比特幣，以保持購買力並防範傳統貨幣的波動、貶值和通脹壓力。 Odaily 註：Ken Sim 中文名沈觀健，出生於加拿大溫哥華，是中國香港移民後代，於2022 年11 月正式就任加拿大溫哥華市長。 （PEAK）
",2025-04-12 13:41:35,https://www.odaily.news/zhtw/newsflash/426855,newsflashes,426855,1,,1,,
星球午訊,"1. 昨日比特幣現貨ETF淨流出100萬美元，以太坊ETF淨流出2920萬美元； 2. 孫宇晨回應WSJ：不了解相關傳言，CZ是我的良師益友，也是我的貴人；3. 交易員Eugene：已在BTC99500時觸及小額1，成為鏈上持倉Top2機構； 5. 美參議院提議對高能耗數據中心徵收排放費，比特幣礦企或受影響； 6. 麥當勞致信美國SEC：無意在5月股東大會上討論比特幣儲備相關提議； 7. Ethena Labs推出USDenuco快照，將每週發布一次釋放結果；突破0.48 USDT，24H漲幅163.14%。
",2025-04-12 13:33:28,https://www.odaily.news/zhtw/newsflash/426854,newsflashes,426854,,1,,1,1
Ethena Labs推出USDe儲備金證明，將每週發布一次證明結果,"Odaily星球日報訊 Ethena Labs 發文宣布推出USDe 儲備金證明，該證明與Harris  Trotter、Chaos Labs、LlamaRisk 以及Chainlink 合作創建並上線。 USDe 儲備金證明將每週發布一次證明結果，由前述驗證方獨立審查，資料來源包括區塊鏈、託管方及交易所合作夥伴。此外，儲備基金資產不計入USDe 支撐資產的美元價值中。
",2025-04-12 12:20:05,https://www.odaily.news/zhtw/newsflash/426852,newsflashes,426852,,,,,
DWF Labs在9小時前再次收到500萬枚USD1，成為鏈上持股Top2機構,"Odaily星球日報訊 鏈上資料分析師@ai_9684xtpa 監測表示，DWF Labs 已成為WLFI 推出美元穩定幣USD1 的鏈上持倉TOP2 機構，目前持有600 萬枚USD1。先前於4 月3 日收到100 萬枚穩定幣後，9 小時前DWF Labs 再次在BSC 網路收到500 萬枚USD1，隨後跨鏈至以太坊主網。此外，Wintermute 應為USD1 鏈上持倉TOP1 機構。目前四個地址累計持有5,700 萬枚USD1，是DWF Labs 持股規模的9.5 倍。",2025-04-12 12:09:41,https://www.odaily.news/zhtw/newsflash/426851,newsflashes,426851,,,1,,
昨日比特幣現貨ETF淨流出100萬美元，以太幣ETF淨流出2920萬美元,"Odaily星球日報訊 Farside Investors 監測，昨日美國比特幣現貨ETF 淨流出100 萬美元；美國以太坊現貨ETF 淨流出2,920 萬美元。",2025-04-12 11:56:35,https://www.odaily.news/zhtw/newsflash/426848,newsflashes,426848,,1,,,
Movement：將於今晚將拍攝Cornucopia快照，下週發放獎勵並開放提現,Odaily星球日報訊 Movement 基金會官方宣布，將於今晚將拍攝Cornucopia 快照。 Cornucopia 的第一階段即將結束，獎勵發放和資產提現將於下週進行。 Cornucopia 第二階段將於週三開啟，除了Cornucopia 資產外，還將激勵MOVE/USDC、MOVE/USDT、MOVE/WETH 和MOVE/WBTC 等池子。,2025-04-12 11:12:14,https://www.odaily.news/zhtw/newsflash/426843,newsflashes,426843,1,,,,
Winklevoss Capital轉入Galaxy Digital3750枚ETH後，後者轉入幣安1.25萬枚ETH,Odaily星球日報訊 The Data Nerd 監測顯示，14 小時前，Winklevoss Capital 向Galaxy Digital 轉帳約3750 枚ETH（約584 萬美元）；5 小時後，Galaxy Digital 向Binance 充值1.25 萬枚ETH（約1974 萬美元）。,2025-04-12 11:09:57,https://www.odaily.news/zhtw/newsflash/426842,newsflashes,426842,,,,,
交易員Eugene：已在BTC觸及83500時小額做空ETH、SOL、XRP，不認為行情可持續,Odaily星球日報訊 知名交易員Eugene 於Telegram 頻道內表示：“當比特幣夜間觸及83500 美元時，我建立了少量的ETH、SOL 和XRP 空頭頭寸。除非美聯儲明確幹預或中國關稅問題得到妥善緩和，否則我不認為市場會有太多持續性。”,2025-04-12 10:53:32,https://www.odaily.news/zhtw/newsflash/426840,newsflashes,426840,,,,1,
"BTC跌破83,000 USDT，24H漲幅收窄至3.2%","Odaily星球日報訊 OKX 行情顯示，BTC 跌破83,000 USDT，現報82993.4 USDT，24H 漲幅收窄至3.2%。 （本條快訊由AI輔助生成）",2025-04-12 10:49:00,https://www.odaily.news/zhtw/newsflash/426839,newsflashes,426839,,,,,
麥當勞致函美國SEC：無意在5月股東會上討論比特幣儲備相關提議,Odaily星球日報訊 針對麥當勞股東國家公共政策中心先前要求的儲存比特幣提案。麥當勞法律代表致函美國證券交易委員會（SEC）表示，該企業不想在5 月即將召開的股東大會上討論購買比特幣的提案。 SEC 同意麥當勞有權避免討論該提案。 （The Block）,2025-04-12 10:31:53,https://www.odaily.news/zhtw/newsflash/426837,newsflashes,426837,,,,,
美國參議院提議對高能耗資料中心徵收排放費，比特幣礦企或受影響,"Odaily星球日報訊 美國參議院民主黨人提出《Clean Cloud Act》草案，擬對支持超過聯邦排放目標的區塊鏈網路和人工智慧模型的資料中心徵收費用。該法案要求美國環保署為安裝IT 銘牌功率超過100 KW 的資料中心和加密挖礦設施制定排放標準，目標是每年減少11% 的排放量。超過限值的排放將被處以每噸二氧化碳當量20 美元的罰款，且該金額每年將隨通膨上漲10 美元。值得注意的是，包括Galaxy、CoreScientific 和Terawulf 在內的比特幣礦企正逐漸轉向為人工智慧模型提供高效能運算（HPC）算力。該法案目前尚未在參議院通過。 （彭博）
",2025-04-12 09:48:39,https://www.odaily.news/zhtw/newsflash/426834,newsflashes,426834,,,,,1
星球早訊,"1. SEC代理主席Mark Uyeda暗示將對交易代幣化證券的公司採取「監管沙盒」模式； 2. TRUMP將迎來大規模解鎖，持倉超1000美元地址剩餘1.2萬個； 3. SEC與幣安已聯合向法院申請暫停訴訟60天；4. WSJ：Binance R. eora推出DAMM V2併計劃在未來幾週部署至主應用； 7. Solana Meme代幣BANG市值短時突破1500萬美元，24H漲幅約3000倍； 8. Arthur Hayes：預計比特幣即將進入只漲不跌模式； 9. Ansem：若SOL週線可站穩120美元，則有望看到連續數週的激進反彈。
",2025-04-12 09:25:24,https://www.odaily.news/zhtw/newsflash/426833,newsflashes,426833,1,,1,1,1
貝萊德透過旗下以太坊ETF增持4238枚ETH,"Odaily星球日報訊 根據Arkham 監測數據顯示，大約十分鐘前，貝萊德透過旗下以太坊交易所交易基金ETHA Ethereum ETF 增持4,238 枚ETH，價值660 萬美元。歷史資料顯示，本次疑似貝萊德相關以太坊ETF 時隔1 個月後首次增持ETH。
",2025-04-11 23:49:58,https://www.odaily.news/zhtw/newsflash/426816,newsflashes,426816,1,,,,
Lista DAO借貸產品Lista Lending上線後超9.2萬枚BNB被市場借出,"Odaily星球日報訊 根據官方消息，Lista DAO 借貸產品Lista Lending 正式上線後市場參與活躍，目前其BNB vault 已有超19 萬枚BNB 參與供應，超9.2 萬枚BNB 已被借出，實時借款利率低至0.78%。該產品BNB vault 現支持以BTCB、solvBTC 和PT-clisBNB 作為抵押品借貸BNB，借款最大額度可達5,200 萬美元。 使用者可在Binance Launchpool 期間借出BNB 參與Launchpool 活動。
",2025-04-11 23:33:51,https://www.odaily.news/zhtw/newsflash/426814,newsflashes,426814,1,,,,
Arthur Hayes：預計比特幣即將進入只漲不跌模式,"Odaily星球日報訊 BitMEX 聯合創始人Arthur Hayes 在X 平台發文稱：“情況正如火如荼地發展著。如果這種態勢持續下去，這個週末我們將會看到更多政策層面的回應。比特幣即將進入只漲不跌模式。”
",2025-04-11 22:59:28,https://www.odaily.news/zhtw/newsflash/426812,newsflashes,426812,1,,1,,
川普執政首季機構加密交易量激增，穩定幣交易量較去年同期漲158%,"Odaily星球日報訊 報告顯示，2025 年第一季美國場外加密交易量年增141%，穩定幣交易量較去年同期飆漲158%。其中，加密/穩定幣交易量較2024 年同期成長5 倍，成為成長最快板塊。比特幣、以太坊及穩定幣佔總交易量的95.3%，顯示機構對山寨幣仍持謹慎態度。 （The Block）
",2025-04-11 22:17:26,https://www.odaily.news/zhtw/newsflash/426810,newsflashes,426810,1,,,,
BTC突破83000 USDT，24H漲幅2.28%,"Odaily星球日報訊 OKX 行情顯示，BTC 突破83,000 USDT，現報83012 USDT，24H 漲幅2.28%。 （本條快訊由AI輔助生成）",2025-04-11 21:39:00,https://www.odaily.news/zhtw/newsflash/426806,newsflashes,426806,1,,,,
灰階轉出約651枚BTC，價值5341萬美元,"Odaily星球日報訊 根據Arkham 監測，4 分鐘前灰階向未明確標記地址轉出約651 枚BTC，價值5,341 萬美元。
",2025-04-11 21:16:53,https://www.odaily.news/zhtw/newsflash/426802,newsflashes,426802,,,,1,
某一隻巨鯨均價1548美元買進3316枚ETH，價值513萬美元,"Odaily星球日報訊 根據鏈上數據分析師ai_9684xtpa 監測，某巨鯨三小時前花費513 萬美元以均價1548 美元在鏈上買入3316 枚ETH。根據該鯨魚以往交易記錄顯示，似乎是為了波段ETH，該鯨魚近一個月高買低賣ETH 累計虧損38 萬美元。
",2025-04-11 20:31:42,https://www.odaily.news/zhtw/newsflash/426798,newsflashes,426798,,,,1,
Lista Lending正式上線，BNB Vault支持低利率大額借貸 ,"Odaily星球日報訊 Lista Lending 已正式上線不到一小時，1,000 萬美元借款額度已滿額借出，目前BNB 存款利率為10%，借款利率低至0.74%。 Lista Lending 基於BNB Chain 構建，採用多預言機系統（整合Chainlink、Binance Oracle 和Redstone），支援靈活Vault 與多市場匹配機制，致力於提供高效能、開放式P2P 借貸體驗。目前BNB Vault 支持BTCB、solvBTC、PT-clisBNB 等資產作為抵押。",2025-04-11 18:05:17,https://www.odaily.news/zhtw/newsflash/426785,newsflashes,426785,1,,1,,
BTC突破82000 USDT，24H漲幅0.26%,"Odaily星球日報訊 OKX 行情顯示，BTC 突破82,000 USDT，現報82016 USDT，24H 漲幅0.26%。 （本條快訊由AI輔助生成）",2025-04-11 17:27:00,https://www.odaily.news/zhtw/newsflash/426779,newsflashes,426779,1,,,,
BitMart已上線BABY永續合約，最高槓桿50倍,Odaily星球日報訊 BitMart 已於2025 年4 月11 日17:00（UTC+8）上線Babylon （BABY）永續合約，屆時將開通BABY/USDT 交易對，最高槓桿倍數為50 倍。 Babylon 比特幣質押協議將比特幣安全網路與比特幣持有者連接起來，讓您直接存取加密貨幣領域中最大、最強大的社群。,2025-04-11 17:16:41,https://www.odaily.news/zhtw/newsflash/426778,newsflashes,426778,1,,1,,
"BTC巨鯨以均價78,972USDT建倉259.87枚WBTC並存入Aave，浮盈近60萬美元","Odaily星球日報訊 根據@ai_9684xtpa 監測，過去5 天內一位BTC 巨鯨以均價$78,972 建倉了259.87 枚WBTC，建倉總價值約2052 萬美元。目前這些WBTC 均以保證金存入Aave，累計浮動約59.7 萬美元。",2025-04-11 16:38:34,https://www.odaily.news/zhtw/newsflash/426775,newsflashes,426775,1,,,,
sUSD脫錨繫SIP-420機制變更所致，非不良負債問題,"Odaily星球日報訊 根據Parsec 分析，Synthetix 穩定幣sUSD 近期脫錨並非源自於不良債權或協議故障，而是SIP-420 機制調整帶來的副作用。 SIP-420 引入共享債務池機制，SNX 質押者不再單獨鑄造sUSD 並承擔個人債務，而是將資金委託給公共池，從而實現無清算、無個人債務的結構。但在sUSD 價格偏離錨定值時，質押者不再有動機以低價回購sUSD 償還債務，協議原有的自我調節機制失效。同時，超8,000 萬美元的SNX 流入SIP-420 池，加上Infinex 活動帶動持股成長，使sUSD 供應快速擴張，而市場缺乏相應需求，錨定機制進一步承壓。目前sUSD 已跌至0.87 美元，脫錨幅度超過13%。 Synthetix 團隊表示，正在透過與Aave、Ethena 整合以及加強Curve 激勵等方式重建sUSD 需求。",2025-04-11 15:59:54,https://www.odaily.news/zhtw/newsflash/426767,newsflashes,426767,,1,,1,
"2021年1月至今，ETH主網上穩定幣供應量成長超5倍，達1,230億美元","Odaily星球日報訊 根據DefiLlama 官方於X 平台發文表示，2021 年1 月，ETH 主網上穩定幣供應量僅220 億美元；與之相比，目前這一數字已增長至1,230 億美元。此外，圖表資訊顯示，ETH 價格相較2021 年高點下降近三分之二。",2025-04-11 15:34:49,https://www.odaily.news/zhtw/newsflash/426765,newsflashes,426765,1,,,,
BitMart4月11日市場行情報告，BTC 日內波動變大，受到宏觀層面影響明顯,Odaily星球日報訊 根據BitMart 4 月11 日市場行情報告，加密貨幣市場總市值2.56 兆美元，較前一天下降1.1%。 BTC 日內波動變大，受到宏觀層面影響明顯，此外資金面上BTC ETF 連續六日淨流出；ETH 跟隨大盤漲跌，但上漲幅度明顯弱於BTC，ETH/BTC 再次下跌至0.0192 附近；綜合多空比為1.07，多方勢力處於24 小時最高；,2025-04-11 15:18:04,https://www.odaily.news/zhtw/newsflash/426763,newsflashes,426763,,1,,1,
World Liberty否認出售ETH,"Odaily星球日報訊 World Liberty Financial（WLFI）否認本週稍早出售ETH 的相關報導。先前報導，與WLFI 相關的錢包地址（被Arkham 標記）在ETH 跌至$1,465 時出售了價值約800 萬美元的ETH。對此，WLFI 發言人表示：「有關WLFI 出售持股的說法完全不屬實，目前並未有任何資產被出售，相關猜測均為錯誤。」（CoinDesk）",2025-04-11 15:10:01,https://www.odaily.news/zhtw/newsflash/426762,newsflashes,426762,,,,,
受Morpho前端漏洞影響，某地址疑似攻擊損失260萬美元,Odaily星球日報訊 根據PeckShieldAlert 監測，受Morpho 前端漏洞影響，某位地址疑似遭受攻擊，損失約260 萬美元。攻擊交易被c0ffeebabe.eth 搶先執行，相關資金已轉入其他地址,2025-04-11 14:53:47,https://www.odaily.news/zhtw/newsflash/426761,newsflashes,426761,,,,,
北卡羅來納州提案擬允許使用加密資產繳稅,"Odaily星球日報訊 北卡羅來納州立法者提出《數位資產自由法案》（HB 920），擬允許在納稅及其他經濟交易中使用加密資產。法案規定，合格的數位資產需滿足市值至少7,500 億美元、日交易量不低於100 億美元，且具備10 年以上公開市場營運歷史與抗審查能力，同時要求去中心化、無預挖、無內部分配及無中心化控制。該法案並未明確提及BTC 等特定資產。此前，該州已提出多項涉幣法案，包括允許州財政官員投資比特幣以及將部分退休金投資於加密資產。 （The Block）",2025-04-11 13:53:56,https://www.odaily.news/zhtw/newsflash/426756,newsflashes,426756,,,,,
Gate.io Launchpool上線Babylon（BABY）,"Odaily星球日報訊 根據官方消息，Gate.io 將於4 月11 日15:00 至4 月18 日15:00 （UTC+8）開啟BABY 質押挖礦，質押BABY、BTC、USDT 參與Launchpool 即可免費瓜分1,600,000 BABY 空投。其中，BABY 礦池預期年化達1062.67%，BTC 礦池預期年化達10.41%，USDT 新用戶池預期年化達127.52%。現已開放提前質押。",2025-04-11 13:29:41,https://www.odaily.news/zhtw/newsflash/426755,newsflashes,426755,1,,1,,
Greeks.live：預期貿易戰和關稅戰尚未結束，市場不確定性將長期持續,Odaily星球日報訊 Greeks.live 發布社群簡報，本週情緒較為恐慌，川普頻繁的轉換關稅政策，使得市場避險情緒極大，預期貿易戰和關稅戰遠沒有到結束的時候，市場的不確定性還將長期持續，市場的波動也將長期持續。 BTC 的隱含波動率IV 明顯下降，目前各期限基本維持在50%附近，而ETH 的IV 則維持了較高水平，中短期限波動率維持在80%附近，因此短期賣出ETH 期權會是不錯的選擇。 加密貨幣目前缺乏新進資金，缺乏新敘事，投資人情緒較低迷。在這種牛轉熊的較差行情下，黑天鵝發生的機率會顯著提升，買一些深度虛值看跌會是不錯的選擇。,2025-04-11 12:30:35,https://www.odaily.news/zhtw/newsflash/426746,newsflashes,426746,,1,,1,
BTC反彈突破81000 USDT，24H漲幅0.86%,Odaily星球日報訊 OKX 行情顯示，BTC 反彈突破81000 USDT，現報81011.9 USDT，24H 漲幅收窄至0.86%。 （本條快訊由AI輔助生成）,2025-04-11 12:15:00,https://www.odaily.news/zhtw/newsflash/426742,newsflashes,426742,1,,,,
CryptoQuant分析師：若比特幣未能突破8.4萬美元阻力位，短期或盤整於8萬美元附近,"Odaily星球日報訊 CryptoQuant 分析師在4 月10 日的市場報告中指出，如果比特幣（BTC）「繼續上漲」，可能會在84,000 美元附近遇到阻力，但一旦突破，該價格有望在下一個阻力位96,000 美元之前迅速上漲。如果比特幣未能突破下一個阻力位，短期內可能會徘徊在8 萬美元上方附近的區間（Cointelegraph）。",2025-04-11 12:13:31,https://www.odaily.news/zhtw/newsflash/426741,newsflashes,426741,1,,,,
Hyperliquid過去7日營收超越Tron等協議，躋身加密收入排行榜前三名,"Odaily星球日報訊 根據Defillama 數據，Hyperliquid 過去7 日收入升至1,352 萬美元，超越Tron、Jupiter 等協議和公鍊，暫列加密收入榜第三位。 Tether 和Circle 以1.29 億美元、4,425 萬美元的7 日收入分列第一位和第二位。",2025-04-11 12:12:52,https://www.odaily.news/zhtw/newsflash/426740,newsflashes,426740,1,,,,
以太幣現貨ETF昨日總淨流出3879.29萬美金，連續三日淨流出,"Odaily星球日報訊 根據SoSoValue 數據，昨日（美國東部時間4 月10 日）以太幣現貨ETF 總淨流出3,879.29 萬美元。 昨日單日淨流入最多的以太坊現貨ETF 為貝萊德ETF ETHA，單日淨流入為643.14 萬美元，目前ETHA 歷史總淨流入達40.54 億美元。 昨日單日淨流出最多的比特幣現貨ETF 為富達ETF FETH，單日淨流出為3,600.85 萬美元，目前FETH 歷史總淨流入達13.69 億美元。 截至目前，以太坊現貨ETF 總資產淨值為50.99 億美元，ETF 淨資產比率（市值較以太坊總市值佔比）達2.76%，歷史累計淨流入已達23.06 億美元。
",2025-04-11 11:55:16,https://www.odaily.news/zhtw/newsflash/426739,newsflashes,426739,,1,,,
比特幣現貨ETF昨日總淨流出1.50億美元，持續6日淨流出,"Odaily星球日報訊 根據SoSoValue 數據，昨日（美國東部時間4 月10 日）比特幣現貨ETF 總淨流出1.50 億美元。 昨日單日淨流入最多的比特幣現貨ETF 為灰階比特幣迷你信託BTC，單日淨流入為987.15 萬美元，目前BTC 歷史總淨流入達11.53 億美元。 昨日單日淨流出最多的比特幣現貨ETF 為富達比特幣ETF FBTC，單日淨流出為7,463.02 萬美元，目前FBTC 歷史總淨流入達114.05 億美元。 截至目前，比特幣現貨ETF 總資產淨值為886.13 億美元，ETF 淨資產比率（市值較比特幣總市值佔比）達5.59%，歷史累計淨流入已達353.60 億美元。
",2025-04-11 11:53:42,https://www.odaily.news/zhtw/newsflash/426738,newsflashes,426738,,1,,,
Gate.io Launchpool 上線Mind Network（FHE）,"Odaily星球日報訊 根據官方消息，Gate.io 將於4 月12 日15:00 至4 月17 日15:00 （UTC+8）開啟FHE 質押挖礦，質押FHE、BTC 參與Launchpool 即可免費瓜分300,000 FHE 空投。其中，FHE 礦池預期年化達292%，BTC 礦池預期年化達4.93%。現已開放提前質押。",2025-04-11 11:44:02,https://www.odaily.news/zhtw/newsflash/426737,newsflashes,426737,1,,1,,
某沉睡三年的巨鯨3小時前將1000枚ETH轉入幣安,Odaily星球日報訊 據@ai_9684xtpa 披露，一持有3019 枚ETH、成本僅約588 美元的巨鯨地址在沉寂三年後開始出售，該地址3 小時前首次向幣安充值1000 枚ETH，若賣出預計獲利93.1 萬美元。 目前該巨鯨仍持有2019 枚ETH，浮盈約191.7 萬美元。,2025-04-11 11:03:34,https://www.odaily.news/zhtw/newsflash/426734,newsflashes,426734,,1,,,
加密市場普遍回調，僅AI及DePIN板塊相對堅挺,"Odaily星球日報訊 根據SoSoValue 數據，加密市場板塊普遍回調，僅AI 及DePIN 板塊相對強勁。 AI 板塊24 小時上漲0.66%，板塊內，Bittensor（TAO） 、Render（RENDER） 、Fartcoin （FARTCOIN）分別上漲2.30%、7.51%、7.94%。 DePIN 板塊上漲0.60%，其中，Helium（HNT）、Grass（GRASS）分別上漲2.47%、3.82%。 同時，反映板塊歷史行情的加密板塊指數顯示，ssiAI、ssiDePIN 指數24 小時分別上漲1.72%、1.19%，ssiAI 指數週回報率為3.79%。 此外，Bitcoin （BTC）跌幅收窄至2.47%，反彈突破8 萬美元。 Ethereum（ETH） 24 小時下跌6.16%，跌破1600 美元。 其他板塊方面，CeFi 板塊下跌0.03%，但Hyperliquid（HYPE）上漲6.01%；Meme 板塊下跌0.85%，Layer1 板塊下跌0.99%，板塊內，Avalanche（AVAX）上漲1.20%，Hedid（HBAR1271%）上漲1.20%，HedAR（HBAR1271%） %；PayFi 板塊下跌1.39%，DeFi 板塊下跌1.45%。
",2025-04-11 10:57:30,https://www.odaily.news/zhtw/newsflash/426733,newsflashes,426733,1,,1,,
"某隻巨鯨14分鐘前向幣安轉入1,500枚BTC，約合1.2億美元","Odaily星球日報訊 根據Onchain Lens 監測，某隻巨鯨在沉寂1.5 個月後，於14 分鐘前向幣安存入1,500 枚BTC，價值約合1.2029 億美元。 該巨鯨仍持有1,486 枚BTC，價值約1.1976 億美元。
",2025-04-11 10:47:06,https://www.odaily.news/zhtw/newsflash/426731,newsflashes,426731,,1,,,
某以太坊早期IC0參與者再次向Kraken充值664枚ETH，4月已拋售4180枚ETH,Odaily星球日報訊 據@ai_9684xtpa 披露，某2015 年參與以太坊IC0、持有10 萬枚ETH 的OG 用戶，4 月以來已累計出售4180 枚ETH，套現約705 萬美元。該地址2 小時前再向Kraken 儲值664 枚ETH，成本僅每枚0.31 美元，預計獲利約101 萬美元。,2025-04-11 10:35:09,https://www.odaily.news/zhtw/newsflash/426729,newsflashes,426729,,1,,,
某新建錢包7小時前吸籌超9600枚ETH,"Odaily星球日報訊 根據Spot On Chain 監測，約7 小時前有地址新建錢包併購入共9,610 枚ETH（價值約1,454 萬美元）。該地址先從Kraken 提取5,000 枚ETH 作為抵押，在Spark 平台借出700 萬美元USDS，隨後以約1,518 美元價格再購入4,610 枚ETH，疑似看多ETH 後市走勢。",2025-04-11 10:06:08,https://www.odaily.news/zhtw/newsflash/426727,newsflashes,426727,1,,,,
以太坊基金會再次轉移1000枚ETH ，或用於撥款,"Odaily星球日報訊 根據Lookonchain 監測，以太坊基金會再次轉出1,000 枚ETH（價值約153 萬美元），用於撥付生態資助計畫。",2025-04-11 10:03:15,https://www.odaily.news/zhtw/newsflash/426726,newsflashes,426726,,,,,
BTC反彈突破80000 USDT，24H漲幅2.95%,Odaily星球日報訊 OKX 行情顯示，BTC 反彈突破80000 USDT，現報80003.7 USDT，24H 漲幅收窄至2.95%。 （本條快訊由AI輔助生成）,2025-04-11 09:48:00,https://www.odaily.news/zhtw/newsflash/426724,newsflashes,426724,1,,,,
Vitalik發布極簡L1隱私路線圖，旨在增強以太坊用戶隱私,Odaily星球日報訊 Vitalik Buterin 在以太坊Magicians 論壇發文，提出一份“極簡L1 隱私路線圖”，旨在在盡量減少共識層變動的基礎上增強以太坊用戶隱私。 此路線圖涵蓋鏈上支付隱私、應用程式內活動匿名化、鏈上讀取隱私（RPC）及網路級匿名化等四個面向。核心措施包括整合隱私工具進主流錢包、預設使用「每應用一個位址」、推廣FOCIL 和EIP-7701、引入TEE 與未來PIR 隱私讀取技術等，最終目標是實現用戶操作隔離、預設隱私發送與抗審查的基礎架構。 Vitalik 強調此方案可與長期更深層L1 改革結合。,2025-04-11 09:44:27,https://www.odaily.news/zhtw/newsflash/426723,newsflashes,426723,,,,1,
星球早訊,1. SEC 與Ripple 達成初步和解協議，雙方申請中止上訴程序； 2. 現貨黃金上漲觸及3217.97 美元/盎司，再創歷史新高； 3. 某巨鯨將超14 萬枚SOL 解除質押並轉入Kraken； 4. 絲綢法案 5. 現在將在拉斯維加斯比特幣會議上公開露面；調整利率、觀望的時機； 7. 新罕布夏州眾議院通過比特幣儲備法案； 8. 聯準會理事 鮑曼希望對2023 年3 月份銀行倒閉事件進行獨立審查，或涉及SVB、Silvergate 和Signature；9. 美國眾議院通過一項預算計劃，為川普減稅和提高債務上限奠定基礎。,2025-04-11 09:27:52,https://www.odaily.news/zhtw/newsflash/426722,newsflashes,426722,,1,,1,1
絲綢之路創始人將在拉斯維加斯比特幣會議上首次公開露面,"Odaily星球日報訊 被川普赦免的暗網絲路創始人Ross Ulbricht 表示，他計劃在即將舉行的比特幣活動上首次公開露面。 「這是官方消息。我很高興地宣布，我將在拉斯維加斯舉行的比特幣會議上首次公開露面並發表演講。」今年1 月，川普總統簽署行政命令，對Ulbricht 進行全面、無條件赦免。 Ulbricht 和絲綢之路的故事都與比特幣的早期歷史緊密相連。 Ulbricht 因創建和運營「絲綢之路」而被判處終身監禁，不得假釋。 「絲路」是一個暗網市場，專門販賣毒品和其他非法產品和服務。該平台使用比特幣進行交易，並推動了加密貨幣的普及。
",2025-04-11 08:23:02,https://www.odaily.news/zhtw/newsflash/426717,newsflashes,426717,,,1,,
亞利桑那州通過比特幣挖礦權利法案,"Odaily星球日報訊 根據Bitcoin Laws 披露，美國亞利桑那州正式通過比特幣挖礦權利法案HB 2342，該法案保護運行節點或挖掘數位資產的任何人免受分區或使用禁令的限制。 該法案今天以17 票對12 票在參議院獲得通過，現已送往州長辦公室等待簽署。
",2025-04-11 08:17:56,https://www.odaily.news/zhtw/newsflash/426715,newsflashes,426715,,,,,
某地址以600萬美元出售CryptoPunk NFT，虧損1000萬美元,Odaily星球日報訊 根據鏈上數據，一名NFT 交易者以4000 枚ETH（價值約600 萬美元）出售其一年前購入的Alien 系列CryptoPunk NFT，當初購入價格為4500 枚ETH（價值約合1600 萬美元），虧損達1000 萬美元。,2025-04-11 08:15:32,https://www.odaily.news/zhtw/newsflash/426714,newsflashes,426714,,,,1,
某以太坊早期巨鯨10年來首次出售逾9500枚ETH,"Odaily星球日報訊 根據Onchain Lens 監測，一位以太坊早期巨鯨地址在過去10 年首次出售其持倉，共拋售9,514 枚ETH，換取約1,404 萬美元USDC。目前該地址仍持有29,066 枚ETH，以現價估價約4,433 萬美元。",2025-04-11 08:12:20,https://www.odaily.news/zhtw/newsflash/426713,newsflashes,426713,,1,,,
BTC跌破79000 USDT，24H漲幅收窄至1.94%,"Odaily星球日報訊 OKX 行情顯示，BTC 跌破79,000 USDT，現報78991.8 USDT，24H 漲幅收窄至1.94%。 （本條快訊由AI輔助生成）",2025-04-10 23:48:00,https://www.odaily.news/zhtw/newsflash/426701,newsflashes,426701,,,,,
ETH跌破1500 USDT，24H漲幅收窄至1.13%,Odaily星球日報訊 OKX 行情顯示，ETH 跌破1500 USDT，現報1498.95 USDT，24H 漲幅收窄至1.13%。 （本條快訊由AI輔助生成）,2025-04-10 23:40:00,https://www.odaily.news/zhtw/newsflash/426699,newsflashes,426699,,,,,
數據：超過85%的比特幣持有者仍處於獲利中,"Odaily星球日報訊 Bitcoin News 在X 發文表示，即使在本週的價格低點，超過85%的比特幣持有者仍處於盈利中。
",2025-04-10 23:34:38,https://www.odaily.news/zhtw/newsflash/426696,newsflashes,426696,1,,,,
BTC跌破80000 USDT，24H漲幅收窄至3.59%,"Odaily星球日報訊 OKX 行情顯示，BTC 跌破80,000 USDT，現報79999.1 USDT，24H 漲幅收窄至3.59%。 （本條快訊由AI輔助生成）",2025-04-10 23:33:00,https://www.odaily.news/zhtw/newsflash/426695,newsflashes,426695,,,,,
今日美國比特幣ETF淨流出847枚BTC，以太幣ETF淨流出5645枚ETH,Odaily星球日報訊 根據Lookonchain 監測，今日美國比特幣ETF 淨流出847 枚BTC，以太幣ETF 淨流出5645 枚ETH。,2025-04-10 23:13:26,https://www.odaily.news/zhtw/newsflash/426689,newsflashes,426689,,,,1,
某多次面臨倉位清算巨鯨過去2小時共賣出35881枚ETH，賣出均價1562美元,Odaily星球日報訊 根據鏈上分析師餘燼監測，某多次面臨倉位清算巨鯨在過去20 分鐘裡又賣出了9000 枚ETH 換成1401 萬USDT，該巨鯨在過去2 小時裡一共賣出了35881 枚ETH 換成5605 萬USDT，賣出均價1562 美元。 目前該巨鯨僅持有2688 枚ETH 了，基本清倉。,2025-04-10 22:51:13,https://www.odaily.news/zhtw/newsflash/426688,newsflashes,426688,,1,,,
"某鯨魚以1559美元均價售出28,999枚ETH來償還債務","Odaily星球日報訊 根據Lookochain 監測，某隻鯨魚剛以平均1,559 美元的均價出售了28,999 枚ETH（4,520 萬美元）來償還債務。",2025-04-10 22:47:53,https://www.odaily.news/zhtw/newsflash/426687,newsflashes,426687,,1,,,
Jack Dorsey旗下Block因反洗錢違規與紐約監管機構達成4000萬美元和解協議,"Odaily星球日報訊 Jack Dorsey 旗下支付公司Block, Inc.因反洗錢漏洞與紐約州金融監管機構達成4000 萬美元和解協議。紐約州金融服務局週四發布的同意令指出，調查發現這家前身為Square 的金融科技公司在透過Cash App 提供比特幣服務時，其反洗錢項目未能充分考慮其業務規模與複雜度帶來的重大風險。監管機構具體指出Block 存在三大漏洞：缺乏基於風險的反洗錢管控措施、客戶盡職調查不足，以及對高風險比特幣交易的寬鬆處理導致大量匿名交易未受審查。 （The Block）",2025-04-10 22:29:55,https://www.odaily.news/zhtw/newsflash/426686,newsflashes,426686,,,,,1
某多次面臨倉位清算巨鯨賣出26881枚ETH換成4204萬枚DAI並還清全部借款卸掉槓桿,"Odaily星球日報訊 根據鏈上分析師餘燼監測，某多次面臨ETH 部位清算巨鯨在過去一個半小時內賣出26,881 枚ETH 換成4204 萬枚DAI 並還清全部借款卸掉槓桿。目前該巨鯨還持有1.16 萬枚的ETH （約1826 萬美元）。",2025-04-10 22:20:26,https://www.odaily.news/zhtw/newsflash/426685,newsflashes,426685,,1,,,
BTC跌破81000 USDT，24H漲幅收窄至5.2%,"Odaily星球日報訊 OKX 行情顯示，BTC 跌破81,000 USDT，現報80986 USDT，24H 漲幅收窄至5.2%。 （本條快訊由AI輔助生成）",2025-04-10 21:37:00,https://www.odaily.news/zhtw/newsflash/426676,newsflashes,426676,,,,,
Bitget Wallet上線代幣合約安全偵測功能，支援六大主流鏈,"Odaily星球日報訊 Web3 錢包Bitget Wallet 宣布正式上線代幣合約安全偵測功能，進一步提升用戶交易的安全保障。目前已支援以太坊、Solana、BNB Chain、Base、Polygon、Arbitrum 等主流鏈上的代幣合約風險識別。用戶可在代幣K 線頁面點選「安全偵測」功能，查看合約權限、持股分佈、代幣銷毀比例等關鍵參數，在交易前全面掌握代幣可能存在的風險。 Bitget Wallet 合約偵測功能旨在提升用戶對交易代幣的透明度與判斷力，減少因資訊不對稱而帶來的資產風險。系統支援自動識別多個鏈上常見的潛在風險因素，未來將進一步擴展支援更多公鏈，並持續優化偵測模型，為使用者提供更安全的交易環境。
",2025-04-10 20:40:02,https://www.odaily.news/zhtw/newsflash/426666,newsflashes,426666,1,,,,
加密貨幣保險公司Meanwhile完成4000萬美元A輪融資，Framework Ventures等領投,"Odaily星球日報訊 加密貨幣保險公司Meanwhile 週四完成了由Framework Ventures 和Fulgur Ventures 領投的4,000 萬美元A 輪融資，加密貨幣銀行Xapo 的創始人Wences Casares 也參與了投資。此輪融資估值為1.9 億美元，幾乎是2022 年最近一輪融資時估值的兩倍。 Meanwhile 將利用此輪融資籌集的資金進行全球擴張，並確保其產品符合監管要求。 據悉，Meanwhile 的人壽保險保單與一般人壽保險類似。投保人需向精算師計算的每月保費支付。然而，與從銀行帳戶支付或使用支票不同，客戶需從加密貨幣錢包中以比特幣支付。當投保人去世時，其家人將以比特幣形式收到索賠金額。 （Fortune）",2025-04-10 20:06:11,https://www.odaily.news/zhtw/newsflash/426652,newsflashes,426652,1,,,,
過去24小時Solana上DEX交易量超越其他鏈，則排名第一,Odaily星球日報訊 根據Onchain Lens 數據，過去24 小時Solana 上DEX 交易量超越其他鏈位列第一，具體為： Solana 上DEX 交易量27.74 億美元；以太坊上DEX 交易量27.44 億美元；Arbitrum 上DEX 交易量10.05 億美元；,2025-04-10 19:46:56,https://www.odaily.news/zhtw/newsflash/426647,newsflashes,426647,,,1,,
Cardano創辦人：比特幣價格預計今年底或明年升至25萬美元,Odaily星球日報訊 Cardano 創辦人Charles Hoskinson 在接受CNBC 播客採訪時預測，比特幣價格預計將在今年年底或明年攀升至25 萬美元。他指出，即將實施的美國加密貨幣立法或將吸引大型企業涉足加密資產領域。一旦「關稅問題」的影響被證實微不足道，市場穩定性將得以恢復，進而為下一輪牛市創造有利條件。 Hoskinson 表示，加密貨幣市場在未來三到五個月內可能會陷入停滯，但預計八月或九月將迎來一波強勁的投機熱潮，這股熱潮可能會持續六到十二個月。此外，更明確的穩定幣監管規則可能會促使美股「七巨頭」採用與美元掛鉤的代幣。為佐證其25 萬美元的價格預測，Hoskinson 強調了2024 年全球加密貨幣採用率同比大幅增長13%的事實，根據Crypto.com 報告，當前用戶基數已達6.59 億。他還預測，隨著地緣政治環境逐漸偏離“基於規則的秩序”，加密貨幣將成為企業實現全球化的“唯一選擇”。 （The Block）,2025-04-10 19:37:11,https://www.odaily.news/zhtw/newsflash/426646,newsflashes,426646,1,,1,1,
QCP：美股與加密市場短線反彈，但中美貿易局勢升級或成“牛市陷阱”,"Odaily星球日報訊 QCP Capital 在最新市場簡報中指出，美股與加密市場在川普宣布「暫停加徵關稅、除中國外一律徵收10%互惠關稅」後大幅反彈，納指上漲12.02%，SP 500 上漲9.51%，BTC 漲8.43%，ETH 漲13.38%，並引發加密市場 但QCP 警示，這項「Make America Wealthy Again」的政策轉向更像是階段性緩和，「中國例外」政策反而令中美貿易戰再次升級，對中資資產構成持續壓力。人民幣匯率已跌至18 年新低，市場正等待北京是否強勢反擊，若中方報復升級，當前反彈恐演變為「多頭陷阱」。 此外，QCP 指出儘管短線情緒回暖，但市場對5 月和6 月的上行波動仍持謹慎態度，賣方持續利用反彈減倉。同時，部分投資人押注BTC 年底重返10 萬美元，12 月選擇權買盤活躍。今晚即將公佈的美國CPI 數據將成為市場下一關注焦點，若數據低於預期，或可緩解關稅引發的通膨擔憂。
",2025-04-10 17:44:24,https://www.odaily.news/zhtw/newsflash/426632,newsflashes,426632,1,,,1,1
ETH遠古巨鯨持續拋售，17小時內出售逾1.65萬枚ETH套現約2600萬美元,"Odaily星球日報訊 據鏈上數據顯示，ETH 遠古巨鯨在過去4 小時再次拋售5,814 枚ETH，換取9,170,000 枚USDC。過去17 小時內，該地址累計售出16,516 枚ETH，套現金額達26,030,000 美元，平均價格為1,577 美元。目前該地址僅剩522 枚ETH，以目前價格估值約83.2 萬美元。",2025-04-10 17:34:30,https://www.odaily.news/zhtw/newsflash/426630,newsflashes,426630,,1,,,
sUSD持續脫錨，最低跌破0.83美元，現報價0.85122美元,Odaily星球日報訊 行情顯示，sUSD 持續脫錨，目前報價0.85122 美元，日內最低曾跌破0.83 美元。先前消息，Synthetix 創辦人Kain 曾表示，sUSD 的錨定修復機制正處於過渡階段，其本人已出售90% ETH 並增持SNX。,2025-04-10 17:27:41,https://www.odaily.news/zhtw/newsflash/426629,newsflashes,426629,,1,,1,
去中心化社交支付YakiHonne即將上線可編程Smart Widgets，開啟鏈上消費新體驗,Odaily星球日報訊 YakiHonne，Bitcoin 生態最受歡迎的去中心化社交支付客戶端之一，即將上線可編程Smart Widgets—支援Mini Apps 的開發者組件。這款產品將重新定義用戶在社群平台上的互動與消費方式，為鏈上應用生態注入新活力。 Smart Widgets 融入社交動態，用戶無需離開內容即可完成付款、投票或遊戲操作，社交與消費無縫融合。它提供基礎、動作和工具三種創建方式，滿足使用者和開發者的多元需求。開發者可透過SDK 快速建置Mini Apps，觸及全球170 多個國家用戶。 YakiHonne 的社交支付基礎設施為Mini Apps 提供高效支持，降低整合成本與交易門檻，推動鏈上消費成長。 YakiHonne 即將開放開發者SDK 測試計劃，共同打造創新應用，用戶可關注官方頻道X 或下載YakiHonne iOS/Android，開啟去中心化社交支付與鏈上消費的新篇章！,2025-04-10 17:10:57,https://www.odaily.news/zhtw/newsflash/426627,newsflashes,426627,1,,1,,
Babylon基金會：BABY代幣空投完成發放,Odaily星球日報訊 abylon Foundation 宣布成功完成BABY 代幣空投，用戶將在錢包中陸續收到BABY，無轉帳限制。使用者可選擇質押BABY 參與Babylon Genesis 的安全驗證並獲得更多BABY 獎勵。 BABY 質押者將透過Babylon Genesis 的鏈上治理系統，參與Babylon 比特幣質押協議的治理。,2025-04-10 17:03:43,https://www.odaily.news/zhtw/newsflash/426626,newsflashes,426626,1,,1,,
BABY即將上線Bitget PoolX和CandyBomb，鎖倉或交易瓜分BABY空投,"Odaily星球日報訊 Bitget PoolX 即將上線專案BABY，總獎金池600,000 枚BABY。鎖倉通道開放時間為4 月10 日18:00 至4 月13 日18:00（UTC+8），詳情如下： BTC 鎖倉池： 空投總量：600,000 枚BABY 個人鎖倉上限：1 枚BTC 此外，可參與CandyBomb 項目專場，1062 月:00（UTC+8）。",2025-04-10 16:42:01,https://www.odaily.news/zhtw/newsflash/426622,newsflashes,426622,1,,1,,
Arbitrum選舉風波：5ETH撬動650萬美元投票權，DAO治理淪為資本獵場,,2025-04-10 15:35:52,https://www.odaily.news/zhtw/post/5202900,posts,5202900,,,,,
「對等關稅」致納指跌入技術熊市， BTC再次回踩年線，市場預計6月降息機率超90%(03.31~04.06),,2025-04-10 14:41:49,https://www.odaily.news/zhtw/post/5202895,posts,5202895,,,,,
BitMart 將上線Babylon(BABY),Odaily星球日報訊 BitMart 將於4 月10 日18:00 （東八區時間）上線Babylon（BABY），此次上線開通BABY/USDT 交易對。 Babylon 比特幣質押協議將比特幣安全網路與比特幣持有者連接起來，讓您直接存取加密貨幣領域中最大、最強大的社群。,2025-04-10 14:24:05,https://www.odaily.news/zhtw/newsflash/426607,newsflashes,426607,1,,1,,
西太平洋銀行CEO就因購買比特幣轉帳而凍結客戶帳戶事件公開致歉,"Odaily星球日報訊 澳洲四大銀行之一的西太平洋銀行（Westpac）執行長Anthony Miller 最近就凍結客戶帳戶一事公開致歉。事件起因於一位名為Tim 的客戶嘗試向加密交易平台CoinSpot 轉帳3 萬澳元購買BTC，隨後被銀行風控團隊攔截並凍結帳戶。 Tim 稱因無法及時操作而錯失BTC 漲幅收益，並在雪梨2GB 廣播中公開了與銀行通話錄音，引發輿論關注。 Miller 隨後在2GB 節目中回應稱，雖然反詐騙措施必要，但此次事件在溝通和處理上存在問題，西太平洋銀行將尋求改進。 事件發生之際，澳洲政府正推動與加密產業相關的去銀行化與透明化改革。 （decrypt）
",2025-04-10 13:58:38,https://www.odaily.news/zhtw/newsflash/426601,newsflashes,426601,,,,1,1
古代ETH巨鯨完成清倉，三年共拋售9095枚ETH累積套現1250萬美元,"Odaily星球日報訊 根據@OnchainLens 監測，一地址完成最後2024 枚ETH 清倉交易，價值約296 萬美元，結束其2.4 年的沉寂期。數據顯示，該地址三年內累計賣出9,095 枚ETH，平均賣出價格為1,375 美元，累計變現約1,250 萬美元。鏈上記錄顯示，該地址最早可追溯至10 年前在Kraken 和Bitfinex 的提幣行為。",2025-04-10 13:40:13,https://www.odaily.news/zhtw/newsflash/426599,newsflashes,426599,,1,,,
BitMart4月10日市場行情報告：BTC 日內暴漲暴跌，市場情緒依舊低迷,"Odaily星球日報訊 根據BitMart 4 月10 日市場行情報告，加密貨幣市場總市值2.61 兆美元，較前一天上漲8.82%。 BTC 日內暴漲暴跌，川普宣布暫停關稅後一度大漲突破83,000 美元；ETH 跟隨大盤漲跌，日內振幅高達20%，跌破1,400 美元後再次回升至1,650 美元附近；ETH/BTC 小幅回升，目前為止在0.02 附近；多空比為0.96，空方勢力處於24 小時最低，市場情緒依舊低迷。
",2025-04-10 12:55:30,https://www.odaily.news/zhtw/newsflash/426596,newsflashes,426596,,1,,1,
以太幣新聞週刊創辦人：若ETH不被視為貨幣，其價值將趨近於零,"Odaily星球日報訊 以太坊新聞週刊創辦人Evan Van Ness 在社群平台貼文表示，若ETH 不具備「貨幣屬性」與溢價，其價值將以折現現金流模式走向歸零，不僅對法幣貶值，在加密市場也將持續走弱。他指出，ETH 價格上漲是推動生態採納的前提，缺乏貨幣地位將削弱Ethereum 基金會財政，影響客戶開發與平台採納。他最後強調：「ETH 就是貨幣」。
",2025-04-10 12:49:07,https://www.odaily.news/zhtw/newsflash/426595,newsflashes,426595,,,,1,
比特幣現貨ETF昨日總淨流出1.27億美金，持續5日淨流出,"Odaily星球日報訊 根據SoSoValue 數據，昨日（美國東部時間4 月9 日）比特幣現貨ETF 總淨流出1.27 億美元。 昨日單日淨流入最多的比特幣現貨ETF 為Bitwise ETF BITB，單日淨流入為671.23 萬美元，目前BITB 歷史總淨流入達19.76 億美元。 昨日單日淨流出最多的比特幣現貨ETF 為貝萊德比特幣ETF IBIT，單日淨流出為8,971.23 萬美元，目前IBIT 歷史總淨流入達395.68 億美元。 截至發稿前，比特幣現貨ETF 總資產淨值為917.90 億美元，ETF 淨資產比率（市值較比特幣總市值佔比）達5.56%，歷史累計淨流入已達355.10 億美元。
",2025-04-10 11:52:47,https://www.odaily.news/zhtw/newsflash/426587,newsflashes,426587,,1,,,
以太幣現貨ETF昨日總淨流出1118.73萬美金，九支ETF無一淨流入,"Odaily星球日報訊 根據SoSoValue 數據，昨日（美國東部時間4 月9 日）以太幣現貨ETF 總淨流出1,118.73 萬美元。 昨日單日淨流出最多的以太坊現貨ETF 為富達ETF FETH，單日淨流出為573.29 萬美元，目前FETH 歷史總淨流入達14.05 億美元。 其次為貝萊德ETF ETHA，單日淨流出量為545.44 萬美元，目前ETHA 歷史總淨流入達40.48 億美元。 截至發稿前，以太坊現貨ETF 總資產淨值為55.57 億美元，ETF 淨資產比率（市值較以太坊總市值佔比）達2.75%，歷史累計淨流入已達23.44 億美元。
",2025-04-10 11:51:14,https://www.odaily.news/zhtw/newsflash/426586,newsflashes,426586,,1,,,
火幣HTX發布2025年4月默克爾樹儲備證明：多幣種超額儲備，資產沉澱量持續成長,"Odaily星球日報訊 根據火幣HTX 官網消息，火幣HTX 於4 月1 日更新的梅克爾樹資產證明數據顯示，平台整體資產儲備金率維持在100%以上，平台安全實力持續增強。具體更新的儲備金率為：BTC（101%）、ETH（100%）、TRX（105%）、USDT（101%）、HTX（105%）、XRP（101%）、DOGE（100%）、SOL（101%）。 數據顯示，火幣HTX 整體資產沉澱量增長明顯，其中，USDT 用戶資產從約6.65 億枚增長至11.50 億枚，相較於3 月增幅超過73%，顯示出強勁的用戶資產淨流入趨勢，表明用戶持續信任平台並增加資產持有量。 據悉，儲備金率高於或等於100%即代表平台有能力100%兌付用戶資產，是衡量平台安全與透明的重要指標。作為業界最早採用梅克爾樹驗證機制的平台之一，火幣HTX 已連續30 個月公開揭露儲備數據。用戶可隨時造訪火幣HTX 官網的「資產-儲備金證明報告」頁面，查看每月更新的儲備證明報告。
",2025-04-10 11:46:49,https://www.odaily.news/zhtw/newsflash/426584,newsflashes,426584,1,,,,
穩定幣之王的下一步：Tether斥資100億打造“點對點版ChatGPT”,,2025-04-10 11:29:54,https://www.odaily.news/zhtw/post/5202889,posts,5202889,,,,,
某沉寂2年的以太坊OG地址再次拋售10702枚ETH,"Odaily星球日報訊 根據Lookonchain 監測，某以太坊OG 地址在沉寂2 年後再次以1,576 美元的均價拋售了10,702 枚ETH（約合1,686 萬美元）。 該地址早在2016 年就獲得了ETH，當時的價格僅為8 美元。當ETH 價格超過4,000 美元時，他從未賣出，但總是選擇在大幅下跌時賣出。
",2025-04-10 11:18:39,https://www.odaily.news/zhtw/newsflash/426581,newsflashes,426581,,1,,,
TRC20-USDT發行量突破677億枚，創歷史新高,"Odaily星球日報訊 最新消息，TRC20-USDT 發行量增加至677 億枚，創歷史新高。今年以來，波場網路已累計增發近80 億枚USDT，截至目前，TRC20-USDT 佔全網USDT 總發行量的46.9%，持有帳戶數達6,391 萬，累計轉帳數超過24.3 億筆。 此外，波場TRON 創辦人孫宇晨近日在「BUIDL 2025」高峰會上表示，預計今年波場鏈上的USDT 市值有望突破1,000 億美元。 TRC20-USDT 是Tether 公司基於波場TRON 網路發行的錨定美元的穩定幣，轉帳速度快、低手續費的特點已經吸引了大批用戶，且已經有Binance、HTX、OKX、Bitfinex、MEXC、KuCoin、Gate.io、Poloniex 等多家交易所的支援。基於TRC20 版本的USDT 將大幅提升波場TRON 現有的去中心化應用生態系統，帶來更高的整體價值儲存和更強的去中心化交易所流動性，並為企業級合作夥伴與機構投資者提供更便捷的區塊鏈入口。
",2025-04-10 11:07:07,https://www.odaily.news/zhtw/newsflash/426579,newsflashes,426579,1,,1,,
"BTC跌破82,000 USDT，24H漲幅收窄至8.52%","Odaily星球日報訊 OKX 行情顯示，BTC 跌破82,000 USDT，現報81999.9 USDT，24H 漲幅收窄至8.52%。 （本條快訊由AI輔助生成）",2025-04-10 11:06:00,https://www.odaily.news/zhtw/newsflash/426578,newsflashes,426578,,,,,
幣安調整OM、XRP等多個現貨交易對步長,Odaily星球日報訊 根據官方公告，幣安將於2025 年4 月17 日07：00（UTC）調整OM/BTC、XRP/USDT 等15 個現貨交易對的步長（訂單數量最小變動單位），調整後步長統一為0.1。此更新不影響現有現貨訂單，API 用戶可透過GET/api/v3/exchangeInfo 取得最新步長資訊。 （本條快訊由AI輔助生成）,2025-04-10 11:02:00,https://www.odaily.news/zhtw/newsflash/426577,newsflashes,426577,,,,,
加密市場全線反彈，AI板塊領漲15.82%，ETH重返1600美元上方,"Odaily星球日報訊 4 月10 日，根據SoSoValue 數據，川普宣布對多個國家暫停徵稅並下調稅率，受該消息影響，加密市場全線反彈，加密板塊24 小時普遍漲幅約達4%至15%。其中，AI 板塊領漲15.82%，Bittensor（TAO） 、Fetch.ai（FET） 、Render（RENDER） 24 小時分別上漲15.52%、15.79%、16.71%。此外，Ethereum（ETH）上漲13.77%，突破1,600 美元關卡。 Bitcoin （BTC）上漲7.94%，一度升破8.3 萬美元。 值得一提的是，MAG7.ssi 上漲11.24%，DEFI.ssi 上漲15.92%，MEME.ssi 上漲13.44%。 其他板塊方面，DeFi 板塊24 小時上漲12.43%，其中，Ondo Finance（ONDO）上漲23.87%；PayFi 板塊上漲12.26%，板塊內，XRP 上漲14.13%；Meme 板塊上漲11.87%，Dogecoin（DOGE.13%； 2%；Layer1 板塊上漲8.52%，Solana（SOL） 、Cardano（ADA）分別上漲12.72%、12.56%；CeFi 板塊上漲5.89%，Hyperliquid（HYPE）上漲16.09%。 同時，反映板塊歷史行情的加密板塊指數顯示，ssiAI、ssiDeFi 、ssiRWA 指數24 小時分別上漲16.27%、13.79%、12.97%。
",2025-04-10 10:58:57,https://www.odaily.news/zhtw/newsflash/426576,newsflashes,426576,1,,1,,
疑似Kraken聯創關聯位址將1501枚ETH存入Aave和Compound,"Odaily星球日報訊 根據Lookonchain 監測，一個可能與Jesse Powell（Kraken 聯創）有關的錢包在7 小時前從Kraken 提取了1,501 ETH（246 萬美元）並將其存入Aave 和Compound。
",2025-04-10 10:26:16,https://www.odaily.news/zhtw/newsflash/426575,newsflashes,426575,,,,,
Tether 4小時前在波場網路增發10億枚USDT,"Odaily星球日報訊 根據Lookonchain 監測，Tether 4 小時前在波場網路上增發10 億枚USDT。 截至2025 年，Tether Treasury 已於TronNetwork 共鑄造了80 億USDT，並於Ethereum 銷毀了10 億USDT。
",2025-04-10 09:41:13,https://www.odaily.news/zhtw/newsflash/426569,newsflashes,426569,,,,,
灰階最新研究：關稅、滯脹與比特幣，全球經濟大變局,,2025-04-10 09:19:29,https://www.odaily.news/zhtw/post/5202886,posts,5202886,,,,,
某高槓桿巨鯨由ETH空單轉為BTC多單，24小時內獲利超600萬美元,Odaily星球日報訊 根據Lookonchain 監測，一名交易者在Hyperliquid 上以40 倍槓桿做多BTC，目前已獲427 萬美元未實現利潤。其在11 小時前關閉MUX 上的ETH 空單，並轉而做多BTC，24 小時內總收益達616 萬美元。,2025-04-10 08:48:28,https://www.odaily.news/zhtw/newsflash/426565,newsflashes,426565,1,,,,
Arthur Hayes：川普關稅暫停再次確認MOVE指標有效性，下次比特幣走勢或與此不同,"Odaily星球日報訊 伴隨川普關稅暫停政策，目前MOVE 指數已快速回落至128.83，低於140 的關鍵閾值。 Arthur Hayes 對此表示，此次驗證了MOVE 指數的有效性。 “我們很快就會再來。趁著派對還剩下時間，好好享受吧。下一次BTC 可能不會首先跟隨股票進入困境，而是繼續放大。”
",2025-04-10 08:27:40,https://www.odaily.news/zhtw/newsflash/426562,newsflashes,426562,,,,,
以太坊研究員Virgil Griffith已獲釋，刑期縮減至56個月,"Odaily星球日報訊 以太坊研究員Virgil Griffith 已於4 月9 日獲釋，將暫時居住於中途宿舍等待假釋流程完成。 Griffith 因2019 年在北韓發表區塊鏈相關演講被捕，後來被指控違反《國際緊急經濟權力法》。儘管檢方反對，法院於2024 年7 月將其刑期由63 個月減至56 個月。 （Cointelegraph）
",2025-04-10 08:06:25,https://www.odaily.news/zhtw/newsflash/426558,newsflashes,426558,,,,,1
Glassnode：美國關稅衝擊主要金融市場，6.5-7.1萬美元是BTC多頭重要支撐位,"Odaily星球日報訊 Glassnode 在最新的報告中表示，美國關稅的宣布對主要金融市場造成了嚴重擾亂，許多市場經歷了自2020 年3 月以來最糟糕的交易日，主要數位資產的資本流入已經陷入停滯，造成重大阻力和流動性收縮。然而隨著比特幣和以太幣價格的下跌，虧損規模似乎正在縮小，顯示投資者可能正在接近短期賣家疲憊的程度。 本輪數位資產暴跌呈現普跌格局，山寨幣總市值已從2024 年12 月的1 兆美元縮水至目前的5,830 億美元。鏈上數據與技術模型的共振分析顯示，93,000 美元是關鍵心理關卡——比特幣必須收復該價位才能重建上漲動能。而下行方向上，65,000 至71,000 美元區間仍是多頭的重要支撐位。",2025-04-09 23:54:46,https://www.odaily.news/zhtw/newsflash/426513,newsflashes,426513,,1,,1,1
某聰明錢四個月前在Hyperliquid 存入117萬枚USDC做空XRP、BTC和ETH，浮滿230萬美元,Odaily星球日報訊 根據Lookonchain監測，某聰明錢四個月前在Hyperliquid 存入117萬枚USDC做空XRP、BTC和ETH，浮盈達230萬美元。,2025-04-09 23:12:03,https://www.odaily.news/zhtw/newsflash/426507,newsflashes,426507,,,,,
某巨鯨使用750萬枚USDC作為保證金3x做多HYPE，目前浮105萬美元,"Odaily星球日報訊 根據鏈上分析師餘燼監測，DeBank 名為silentraven的巨鯨使用750 萬枚USDC 作為保證金3x 做多HYPE，目前浮盈105 萬美元。 他透過抵押380.5 萬枚WBTC（2940 萬沒剋元）向Aave 借款750 萬枚USDC，然後轉進Hyperliquid 3x 做多85.8 萬枚$HYPE（1081 萬美元）。開倉均價11.36 美元，目前浮105 萬美元。
",2025-04-09 23:05:44,https://www.odaily.news/zhtw/newsflash/426506,newsflashes,426506,1,,1,,
BNB Chain公佈1億美元流動性激勵計畫第二批入選計畫PumpBTC,Odaily星球日報訊 BNB Chain 公佈1 億美元流動性激勵計劃第二批入選項目，最終僅PumpBTC（PUMP）符合條件，Bubb （$BUBB）、JLaunchpad （$JLP）和Ailey （$ALE）目前不符合流動性獎勵資格。,2025-04-09 22:38:49,https://www.odaily.news/zhtw/newsflash/426504,newsflashes,426504,,,,1,
Glassnode：比特幣持有期間為3-6個月的群體損失佔比升至19.4%,Odaily星球日報訊 Glassnode 在X 平台發文分析稱，與今年的幾次比特幣大規模拋售相比，損失現在正蔓延至更早買入加密貨幣的群體，尤其是那些持有期為3 至6 個月的比特幣群體。這些中期持有者的損失佔比從2 月27 日的0.8%上升至4 月7 日的19.4%。,2025-04-09 22:28:58,https://www.odaily.news/zhtw/newsflash/426503,newsflashes,426503,,1,,1,
今日美國比特幣ETF淨流出5239枚BTC，以太幣ETF淨流出2589枚ETH,Odaily星球日報訊 根據Lookonchain 監測，今日10 隻美國比特幣ETF 淨流出5239 枚BTC，其中貝萊德流出3296 枚BTC，目前貝萊德持有572074 枚BTC，價值443.9 億美元；9 枚以太美元。,2025-04-09 22:12:56,https://www.odaily.news/zhtw/newsflash/426500,newsflashes,426500,,1,,,
Andrew Kang關聯地址將227萬枚USDC存入Hyperliquid ，以40倍槓桿做多BTC,Odaily星球日報訊 根據OnChain Lens 監測，Andrew Kang 關聯地址將227 萬枚USDC 存入Hyperliquid ，以40 倍槓桿做多BTC。,2025-04-09 22:09:13,https://www.odaily.news/zhtw/newsflash/426499,newsflashes,426499,1,,1,,
ETH反彈突破1500 USDT，24H跌幅收窄至4.16%,Odaily星球日報訊 OKX 行情顯示，ETH 反彈突破1500 USDT，現報1500.35 USDT，24H 跌幅收窄至4.16%。 （本條快訊由AI輔助生成）,2025-04-09 22:01:00,https://www.odaily.news/zhtw/newsflash/426496,newsflashes,426496,1,,,,
BTC反彈突破78000 USDT，24H跌幅收窄至2.32%,"Odaily星球日報訊 OKX 行情顯示，BTC 反彈突破78,000 USDT，現報78007.9 USDT，24H 跌幅收窄至2.32%。 （本條快訊由AI輔助生成）",2025-04-09 22:00:00,https://www.odaily.news/zhtw/newsflash/426495,newsflashes,426495,1,,,,
市場消息：以太坊研究員Virgil Griffith已獲釋,Odaily星球日報訊 根據市場消息：因前往北韓並在當地展示區塊鏈而入獄的以太坊研究員Virgil Griffith 已獲釋。,2025-04-09 21:38:38,https://www.odaily.news/zhtw/newsflash/426491,newsflashes,426491,1,,,,
白宮加密和AI主管David Sacks擬下個月出席Bitcoin 2025大會,Odaily星球日報訊 根據市場消息：白宮加密和AI 主管David Sacks 將於下個月出席Bitcoin 2025 大會並發表演講。 （Bitcoin Magazine）,2025-04-09 21:33:20,https://www.odaily.news/zhtw/newsflash/426489,newsflashes,426489,,,1,,
Coinbase：已開始籌備支援以太坊Pectra升級，上線後將實施必要更新,Odaily星球日報訊 Coinbase 在官方部落格發文表示，以太坊的下一次重大升級即將到來，由於Holesky 和Sepolia 測試網激活期間的配置問題，Pectra 升級延遲，目前計劃於5 月7 日在主網上線，Coinbase 已開始積極籌備升級相關工作，並將在Pectra 正式上線後實施必要的更新。此外，Coinbase 也表示將繼續密切關注系統更新的準備工作，並積極努力確保客戶獲得順暢的上線體驗。,2025-04-09 21:27:41,https://www.odaily.news/zhtw/newsflash/426487,newsflashes,426487,,,,1,
貝萊德2小時前向Coinbase Prime轉入3296枚BTC，價值約2.54億美元,"Odaily星球日報訊 根據Lookonchain 監測，貝萊德2 小時前向Coinbase Prime 轉入3,296 枚BTC，價值約2.54 億美元。",2025-04-09 21:13:54,https://www.odaily.news/zhtw/newsflash/426484,newsflashes,426484,,,,,
Bitwise CIO：關稅風暴可能對比特幣有利，維持年底20萬美元價格目標,"Odaily星球日報訊 Bitwise 首席投資長Matt Hougan 預計關稅風暴可能對比特幣有利，因為貿易戰將削弱美元的儲備貨幣地位，並刺激對比特幣等「硬通貨」的需求，儘管緊張局勢不斷升級，該資產管理公司仍維持其年底20 萬美元BTC 價格目標。 （The Block）
",2025-04-09 21:05:48,https://www.odaily.news/zhtw/newsflash/426480,newsflashes,426480,1,,1,1,
BTC反彈突破77000 USDT，24H跌幅收窄至3.51%,Odaily星球日報訊 OKX 行情顯示，BTC 反彈突破77000 USDT，現報77012 USDT，24H 跌幅收窄至3.51%。 （本條快訊由AI輔助生成）,2025-04-09 20:55:00,https://www.odaily.news/zhtw/newsflash/426476,newsflashes,426476,,,,,
Babylon：擬於4月10日啟動第二階段，發布L1區塊鏈Babylon Genesis,"Odaily星球日報訊 比特幣質押協議Babylon 發佈公告稱，Babylon Genesis 鏈計劃於北京時間2025 年4 月10 日18:00 公開發布，此前將經歷一段短暫的設置期（用於激活驗證者節點、最終性提供者、監督者、橋接器等關鍵組件）。此安排為Babylon 推出比特幣質押協議的第二個階段。在第二階段啟動時，符合條件的空投接收者將在其註冊的BABY 錢包中收到BABY 代幣，無需領取，BABY 代幣轉移和質押將於第一天啟用。
",2025-04-09 20:47:23,https://www.odaily.news/zhtw/newsflash/426474,newsflashes,426474,,,,,
Tether CEO：擬於6月或9月推出AI平台，讓用戶自主控制數據,Odaily星球日報訊 Tether 執行長PaoloArdoino 在最新採訪中透露，雖然Tether 的美國穩定幣計劃仍處於早期階段且不確定，但該公司正在努力實現人工智能的多元化，計劃在6 月（或9 月）推出自己的人工智能平台，該平台將是OpenAI 等模型的點對點替代方案，允許用戶控制自己的數據並進行所有推理，該平台將是OpenAI 等模型的點對點替代方案，允許用戶控制自己的數據並進行所有推理，在自己的設備中連接到所有設備更多功能，不必與ChatGPT 分享數據。 （Forbes）,2025-04-09 20:46:54,https://www.odaily.news/zhtw/newsflash/426473,newsflashes,426473,,,1,1,
"數據：3月上市礦企共挖出3,648枚BTC，季增17.1%","Odaily星球日報訊 Farside Investors 數據顯示，目前所有主要上市礦企均已對其3 月挖礦情況做出報告，共挖出3,648 枚比特幣。",2025-04-09 20:39:39,https://www.odaily.news/zhtw/newsflash/426471,newsflashes,426471,,,,,
Greeks.live：大多數交易者預計比特幣將繼續跌至6.9-7萬美元,"Odaily星球日報訊 Greeks.live 發布社群簡報，指出社群主要持看跌立場，大多數交易者預計比特幣將繼續跌至6.9 萬至7 萬美元，但也有一些成員認為目前已觸底或接近觸底。市場參與者正密切關注不斷升級的關稅及其對全球市場的影響較。 由於技術趨勢仍未突破，社區共識預計比特幣價格將繼續下跌，大多數人認為其目標價位將在69,000-70,000 美元左右，一些會員正在積極以80-84,000 美元的水平出售看漲期權，以利用當前的波動性和下行趨勢。",2025-04-09 20:09:01,https://www.odaily.news/zhtw/newsflash/426466,newsflashes,426466,,,,1,
BTC跌破76000 USDT,"Odaily星球日報訊 OKX 行情資料顯示，BTC 跌破76,000 USDT，現報75972 USDT，24H 跌幅3.86%。 （本條快訊由AI輔助生成）",2025-04-09 19:06:00,https://www.odaily.news/zhtw/newsflash/426449,newsflashes,426449,,,,,
關稅戰打響，比特幣如何在新金融秩序中挺進？,,2025-04-09 18:22:48,https://www.odaily.news/zhtw/post/5202869,posts,5202869,,,,,
Matrixport：市場可能尚未接近反彈時機，等待財政部或聯準會明確釋放訊號,"Odaily星球日報訊 Matrixport 發布今日圖表稱，比特幣目前正處於另一個調整階段。從歷史來看，過去四次當隨機指標（Stochastics Index）跌至15%時，比特幣都出現了明顯反彈。然而，目前該指標仍處於25%的水平，顯示市場可能尚未接近反彈時機。 儘管川普總統聲稱中方急於進行談判，但中方並未給予呼應，市場情緒仍保持謹慎。同時，儘管美股已經出現了20%的回調，但財政部或聯準會尚未明確釋放支持訊號，因此在隨機指標逼近關鍵的15%門檻之前，現在可能還不是「抄底」比特幣的理想時機。
",2025-04-09 18:11:23,https://www.odaily.news/zhtw/newsflash/426444,newsflashes,426444,,,,1,
BitMart行情報告：市場情緒依舊低迷，資金市場後市看跌情緒嚴重,"Odaily星球日報訊 根據BitMart 4 月9 日市場行情報告，加密貨幣市場總市值2.45 兆美元，較前一天下降2.08%。 BTC 日內波動加劇，再次從81,000 美元跌回75,000 美元附近，BTC ETF 連續四日淨流出；今日AHR999 指數為0.63，愈發接近指數抄底區間；ETH 跟隨大盤漲跌，日內跌破1,400 美元跌破門，ETH/BTC 長期下跌19971977年； 006，市場情緒依舊低迷。隨著美國對多國商品加徵的「對等關稅」於4 月9 日正式生效，經濟衰退風險急劇升溫，投資人需注意風險。
",2025-04-09 17:41:02,https://www.odaily.news/zhtw/newsflash/426440,newsflashes,426440,,1,,1,1
QCP ：股市若進一步下跌或導致比特幣跌破7.5萬美元支撐位,"Odaily星球日報訊 QCP 在官方頻道發文表示，美國對中國實施新一輪關稅後，市場延續跌勢。目前對中國進口商品的總關稅已攀升至驚人的104%。 市場波動持續高企，波動率指數（VIX）連續第三個交易日維持在40 以上。傳統避險資產未能發揮預期作用，由於投資者爭相去風險化並應對追加保證金通知，黃金和美國國債均出現拋售。 在全球市場風險情緒惡化背景下，加密貨幣市場呈現回調態勢。比特幣目前在75,000 美元水準整固，但可能受到股市下跌的進一步影響。以太坊表現相對疲軟，價格已回落至1,400 美元水平，創下自2023 年初以來新低。 在當前市場波動加劇的環境下，加密貨幣收益策略重新引起市場關注。較高的隱含波動率為市場參與者透過結構性交易獲取收益提供了機會。
",2025-04-09 17:13:09,https://www.odaily.news/zhtw/newsflash/426436,newsflashes,426436,,1,,1,1
WLFI拋售ETH的背後：停損還是另有圖謀？,,2025-04-09 16:22:45,https://www.odaily.news/zhtw/post/5202870,posts,5202870,,1,,1,
"CryptoQuant：4月6日比特幣多頭平倉達7,500枚","Odaily星球日報訊 根據CryptoQuant 分析師Darkfost 分析，4 月6 日發生了本輪牛市以來最大規模的比特幣多頭平倉事件，當天約7,500 枚比特幣多頭部位被清算。這是本輪牛市單日最大多頭平倉紀錄，主要由於川普經濟政策特別是關稅相關不確定性引發的市場波動加劇。 Darkfost 提醒投資人，在波動性上升的時期需保持謹慎，注重保護資金安全。",2025-04-09 16:17:07,https://www.odaily.news/zhtw/newsflash/426430,newsflashes,426430,,,,1,
Spartan Group合夥人：如今BTC受到ETF和宏觀經濟等外部因素的影響更大，無法盲目跟隨市場情緒,Odaily星球日報訊 Spartan Group 普通合夥人Jason Choi 回顧2022 年的投資經驗時表示，當時過於急切地將4 萬美元全倉投入比特幣，結果比特幣價格後來跌至約1.5 萬美元。他雖然及時退出避免了更大損失，但這次經驗讓他意識到市場判斷的重要性。他提到自己在預測市場頂部方面表現不錯，但在判斷底部和做空策略上還有不足。 Jason 也指出，如今比特幣受到ETF 和宏觀經濟等外部因素的影響更大，判斷市場趨勢比以往更複雜。他提醒投資者，「在別人恐懼時貪婪」需要結合實際情況，不能盲目跟隨市場情緒，理性判斷才能帶來更好的投資結果。,2025-04-09 15:38:24,https://www.odaily.news/zhtw/newsflash/426424,newsflashes,426424,,,,,
幣安將於4月11日下架多筆現貨交易對,Odaily星球日報訊 根據官方公告，幣安將於2025 年4 月11 日03：00（UTC）下架ACT/BRL、ALPHA/BTC、BLUR/BTC、CELR/BTC、PENGU/BNB、POND/BTC、RUNE/BNB 等現貨交易對。同時，幣安將終止上述交易對的現貨交易機器人服務。用戶仍可在其他可用交易對上交易相關幣種。 （本條快訊由AI輔助生成）,2025-04-09 15:02:00,https://www.odaily.news/zhtw/newsflash/426417,newsflashes,426417,,,,,1
佛羅裡達州比特幣儲備法案定於本週四在保險和銀行小組委員會舉行公開聽證會,Odaily星球日報訊 根據Bitcoin Laws 披露，佛羅裡達州比特幣儲備法案HB 487 定於本週四（4 月10 日）在保險和銀行小組委員會舉行公開聽證會，這將是自兩個月前該法案提出以來，佛羅裡達州首次公開的比特幣儲備法案聽證會。,2025-04-09 14:52:19,https://www.odaily.news/zhtw/newsflash/426415,newsflashes,426415,,1,,,
Strategy要賣BTC？一季浮虧60億後，Fud來勢洶洶,,2025-04-09 14:42:43,https://www.odaily.news/zhtw/post/5202862,posts,5202862,,,,1,
某鯨魚以1471美元的價格出售5094枚ETH以償還債務,"Odaily星球日報訊 根據Lookonchain 監測，某位鯨魚在今天以1,471 美元的價格出售了5,094 枚ETH（約750 萬美元）以償還債務。他最初在2024 年7 月5 日，以3084 美元的價格購買了26235 枚ETH，為此借入了8,091 萬美元的USDT。 2025 年3 月11 日，他以1,853 美元的價格出售了25,800 枚ETH，以換取4,780 萬美元的USDT，用於償還部分債務。該鯨魚在ETH 上損失了約4000 萬美元。",2025-04-09 14:25:21,https://www.odaily.news/zhtw/newsflash/426410,newsflashes,426410,1,,,,
Placeholder合夥人：若比特幣失守現有水平，7萬美元處有大量支撐,Odaily星球日報訊 Placeholder 合夥人Chris Burniske 在X 發文表示，「如果我們失守現在這個水平，接下來需要關注的比特幣支撐位是7 萬美元，那裡有大量支撐，位於2021 年周期的高點，以及2024 年3 月到10 月的區間高點。人們不可避免地會變得貪婪，預測價格會跌得比實際更低，所以我在批次中更是如此」。,2025-04-09 14:16:08,https://www.odaily.news/zhtw/newsflash/426406,newsflashes,426406,1,,1,,
BTC反彈突破77000 USDT，24H跌幅收窄至3.43%,Odaily星球日報訊 OKX 行情顯示，BTC 反彈突破77000 USDT，現報77000.5 USDT，24H 跌幅收窄至3.43%。 （本條快訊由AI輔助生成）,2025-04-09 14:01:00,https://www.odaily.news/zhtw/newsflash/426402,newsflashes,426402,,,,,
"Definalist：某Upbit用戶設定4,500萬美元ETH買單牆，已成交1000萬美元",Odaily星球日報訊 韓國交易員Definalist 發文表示，“看起來一位未知的匿名韓國人已在Upbit 的以太坊現貨市場上設置了4500 萬美元的買單牆。到目前為止，似乎其已經購買了價值約1000 萬美元的ETH。”,2025-04-09 14:00:39,https://www.odaily.news/zhtw/newsflash/426401,newsflashes,426401,,,,,
以太坊自推出以來僅有15%的時間表現優於比特幣,Odaily星球日報訊 自以太坊（Ethereum）推出以來，其表現優於比特幣的交易日僅佔15%。自2015 年中旬以太坊開始交易以來，以太坊有85%的時間表現不如比特幣。分析師James Check 在4 月8 日的X 平台上分享了這項數據。 Check 提供的數據顯示，在2015 年至2017 年中期的早期階段，以太坊的表現顯著優於比特幣。此外，在2019 年底和2020 年初，以太坊對比特幣的比率曾短暫有利於以太坊。然而，在過去五年裡，比特幣的表現一直優於以太坊。 （Cointelegraph）,2025-04-09 13:41:08,https://www.odaily.news/zhtw/newsflash/426398,newsflashes,426398,,,,1,
複盤聯準會10年利率週期：三種路徑推演下，比特幣將走向何方？,,2025-04-09 13:38:40,https://www.odaily.news/zhtw/post/5202864,posts,5202864,,1,,1,
星球午訊,"1. 比特幣現貨ETF 昨日總淨流出3.26 億美元，持續4 日淨流出； 2. Bitwise CEO：BTC 是國家擺脫美元依賴的理想價值儲藏工具； 3. 巨鯨獲4.3 萬美元ETHFI 空投，卻因質押ETH 700 萬美元，已獲虧損約1190 萬美元；警告比特幣市值大幅下跌或影響履約能力時，或需出售BTC 以償債； 6. 疑似WLFI 拋售ETH 止損，浮虧已超1.25 億美元； 7. Arthur Hayes：美元出口收益減少，市場難再支撐美債與美股； 8. 以太坊現貨ETF 昨日總收入本位永續合約資金費率結算頻率為四小時一次10. 美國10 年期公債殖利率升至近六週高點。
",2025-04-09 13:28:18,https://www.odaily.news/zhtw/newsflash/426394,newsflashes,426394,,,,,
兩年沈寂後巨鯨向Kraken充值500枚ETH，仍面臨16.6萬美元浮虧,"Odaily星球日報訊 據@OnchainLens 監測，一地址在沉寂兩年後向Kraken充值500枚ETH，以當前價格價值約70.87萬美元，仍面臨約16.6萬美元的浮虧。 鏈上數據顯示，該地址曾於2022年7月23日至2023年4月1日期間，從Bittrex累計提取2225枚ETH，平均買入價為1504美元。目前該地址仍持有1,725枚ETH，以目前價格價值約247萬美元。
",2025-04-09 12:27:29,https://www.odaily.news/zhtw/newsflash/426388,newsflashes,426388,,1,,,
比特幣現貨ETF昨日總淨流出3.26億美元，持續4日淨流出,"Odaily星球日報訊 根據SoSoValue 數據，昨日（美國東部時間4 月8 日）比特幣現貨ETF 總淨流出3.26 億美元。 昨日單日淨流出最多的比特幣現貨ETF 為貝萊德比特幣ETF IBIT，單日淨流出為2.53 億美元，目前IBIT 歷史總淨流入達396.57 億美元。 其次為Bitwise ETF BITB，單日淨流出為2,171.50 萬美元，目前BITB 歷史總淨流入達19.69 億美元。 截至發稿前，比特幣現貨ETF 總資產淨值為857.56 億美元，ETF 淨資產比率（市值較比特幣總市值佔比）達5.6%，歷史累計淨流入已達356.37 億美元。
",2025-04-09 11:54:26,https://www.odaily.news/zhtw/newsflash/426386,newsflashes,426386,,1,,,
以太幣現貨ETF昨日總淨流出329.47 萬美元，九支ETF無一淨流入,"Odaily星球日報訊 根據SoSoValue 數據，昨日（美國東部時間4 月8 日）以太幣現貨ETF 總淨流出329.47 萬美元。 昨日單日淨流出最多的以太坊現貨ETF 為富達ETF FETH，單日淨流出為329.47 萬美元，目前FETH 歷史總淨流入達14.11 億美元。 截至發稿前，以太坊現貨ETF 總資產淨值為49.77 億美元，ETF 淨資產比率（市值較以太坊總市值佔比）達2.78%，歷史累計淨流入已達23.56 億美元。
",2025-04-09 11:53:21,https://www.odaily.news/zhtw/newsflash/426385,newsflashes,426385,1,,,,
Bitwise CEO：比特幣是國家擺脫美元依賴的理想價值儲藏工具,Odaily星球日報訊 Bitwise 執行長Hunter Horsley 表示：「如果你是一個目前不信任美國的國家，會希望將價值儲存在非美資產中。但又不願持有其他國家的貨幣、債務或資產，因為它們更脆弱，且可能會被進一步貶值。黃金雖是選項，但運輸與掌控存在困難。此時你會發現——比特幣是一種無法被人為控制,2025-04-09 11:29:56,https://www.odaily.news/zhtw/newsflash/426381,newsflashes,426381,,1,,,
巨鯨獲4.3萬美元ETHFI空投，卻因質押ETH累計虧損約1190萬美元,"Odaily星球日報訊 據鏈上分析師@ai_9684xtpa 監測，ETH LRT 巨鯨於9 小時前將最後4000 枚ETH 從ether.fi 贖回並充值至Binance，標誌著其徹底清倉。過去一年，該地址透過ether.fi 質押累計投入40626 枚ETH，期間獲得約4.3 萬美元的ETHFI 空投獎勵，但仍無法抵消ETH 價格下跌帶來的虧損，估算整體損失達1190 萬美元。該巨鯨主要在2023 年12 月至2024 年5 月期間以均價3,033 美元大量囤幣。",2025-04-09 10:50:55,https://www.odaily.news/zhtw/newsflash/426377,newsflashes,426377,,1,,1,1
加密市場遭重挫，ETH 領跌9.57%，BTC 一度跌破7.5萬美元,"Odaily星球日報訊 4 月9 日，根據SoSoValue 數據，川普「對等關稅」政策今日生效，受此政策衝擊，恐慌情緒在加密市場蔓延，加密板塊24 小時跌幅普遍約3%至10%。其中，Ethereum（ETH） 24 小時跌幅達9.57%，一度跌破1,400 美元，創下自2023 年3 月以來的最低點。 Bitcoin （BTC）下跌5.47%，最低跌至7.5 萬美元下方。 其他板塊方面，CeFi 板塊24 小時下跌2.59%，但LEO Token（LEO）相對堅挺，上漲0.87%；Layer1 板塊下跌4.32%，其中，Solana（SOL） 、Cardano（ADA）分別下跌7.02%、7.30%；Layer2 板塊下跌，6.板塊下跌7.31%。 反映板塊歷史行情的加密板塊指數顯示，ssiAI、ssiMeme、ssiDeFi 指數24 小時分別下跌7.64%、7.37%、7.30%。
",2025-04-09 10:45:56,https://www.odaily.news/zhtw/newsflash/426376,newsflashes,426376,,,,,
Arthur Hayes最新訪談：ETH將重返歷史新高，Circle IPO不值得投資,,2025-04-09 10:33:58,https://www.odaily.news/zhtw/post/5202854,posts,5202854,,,,,
MicroStrategy警告比特幣市值大幅下跌或影響履約能力，或需出售BTC以償債,Odaily星球日報訊 MicroStrategy 在向美國SEC 提交的8-K 文件中披露，截至2025 年3 月31 日，其未償還債務總額為82.2 億美元，年度利息支出3510 萬美元，另需每年支付1.462 億美元優先股股息。由於企業軟體業務未實現正向現金流，若比特幣市值大幅下跌，公司可能被迫以低於成本價出售比特幣以履約，違約風險上升，甚至可能被迫進入破產或清算程序。公司強調未來融資能力高度依賴其比特幣資產市值與市場情緒變化。,2025-04-09 10:17:31,https://www.odaily.news/zhtw/newsflash/426373,newsflashes,426373,,,,1,
24H熱門幣種與要聞| BTC再次跌破7.5萬美元；Linea確認將在市場轉牛後TGE（4.9）,,2025-04-09 09:40:39,https://www.odaily.news/zhtw/post/5202851,posts,5202851,,1,,,
WLFI疑似拋售ETH停損，浮虧已超1.25億美元,"Odaily星球日報訊 根據Lookonchain 監測，疑似與World Liberty（@worldlibertyfi）相關的錢包在半小時前以均價1,465 美元出售了5,471 枚ETH，套現約8,010 萬美元。 該地址先前共耗資約2.1 億美元買進67,498 枚ETH，均價3,259 美元，目前帳面浮虧達約1.25 億美元。",2025-04-09 09:40:38,https://www.odaily.news/zhtw/newsflash/426370,newsflashes,426370,,,,,
BTC跌破75000 USDT,"Odaily星球日報訊 OKX 行情資料顯示，BTC 跌破75,000 USDT，現報74999.9 USDT，24H 跌幅5.63%。 （本條快訊由AI輔助生成）",2025-04-09 09:25:00,https://www.odaily.news/zhtw/newsflash/426367,newsflashes,426367,,,,,
ETH跌破1400 USDT,Odaily星球日報訊 OKX 行情資料顯示，ETH 跌破1400 USDT，現報1398.76 USDT，24H 跌幅9.97%。 （本條快訊由AI輔助生成）,2025-04-09 09:20:00,https://www.odaily.news/zhtw/newsflash/426366,newsflashes,426366,,,,1,
Wayfinder社區和錢包任務將於今晚結束,Odaily星球日報訊 Wayfinder 宣布，其目前的社區和錢包任務將在今晚美國東部時間零點結束，以推動任務的演進，早期參與者需在截止前完成任務。值得注意的是，如果用戶存入的是鏈原生代幣（如SOL、ETH），即使其美元兌換價值現已跌至低於10 美元的最低要求，只要在今晚任務結束之前存入要求的金額並持有至代幣生成事件（TGE），任務仍將被記為「完成」。 Kaito 的Yappers 任務將繼續進行至4 月13 日結束。,2025-04-09 09:17:10,https://www.odaily.news/zhtw/newsflash/426365,newsflashes,426365,,1,,,
巨鯨再割肉5094枚ETH保倉，已在ETH上累積虧損4000萬美元,"Odaily星球日報訊 根據@EmberCN 監測，ETH 價格劇烈下挫，透過循環貸做多ETH 的巨鯨為避免清算再次割肉賣出5094 枚ETH，以均價1471 美元換得約749 萬美元USDT 用於償還貸款，將Aave 倉位的清算價格降至1246 美元。 此前3 月11 日該巨鯨也曾在ETH 大跌時割肉賣出2.58 萬枚ETH，單次實現虧損高達3175 萬美元。兩次操作累計導致其在ETH 上已實現虧損約4,000 萬美元。 據悉，巨鯨於2024 年7 月以均價3,084 美元透過槓桿建倉ETH，目前在Aave 上仍持有約3 萬枚ETH，風險依舊高企。",2025-04-09 08:38:27,https://www.odaily.news/zhtw/newsflash/426363,newsflashes,426363,,,,,
BTC跌破76000 USDT,"Odaily星球日報訊 OKX 行情資料顯示，BTC 跌破76,000 USDT，現報75995.6 USDT，24H 跌幅4.18%。 （本條快訊由AI輔助生成）",2025-04-09 08:05:00,https://www.odaily.news/zhtw/newsflash/426357,newsflashes,426357,,1,,,
今日美國比特幣ETF淨流出567枚BTC，以太幣ETF淨流出397枚ETH,Odaily星球日報訊 根據Lookonchain 監測，今日10 隻美國比特幣ETF 淨流出567 枚BTC，其中灰階GBTC 流出324 枚BTC，目前灰階GBTC 持有192233 枚BTC，價值150.6 億美元；9 檔以太ETF 淨流出397 枚 207 月持有，207 檔以太18.4 億美元。,2025-04-08 23:46:46,https://www.odaily.news/zhtw/newsflash/426343,newsflashes,426343,,,,1,
Aavegotchi DAO已投票贊成從Polygon遷移到Base,"Odaily星球日報訊 基於Aave 協議的Web3 遊戲生態Aavegotchi 社群以超過95%的支援率通過提案，決定從Polygon 網路遷移至Coinbase 旗下以太坊Layer 2 網路Base。作為遷移計劃的一部分，開發公司Pixelcraft Studios 將終止其Layer 3 解決方案「Geist」的營運。包括Aavegotchi 角色NFT、穿戴式裝置、徽章等所有鏈上資產將在Base 鏈進行1:1 映射鑄造；完整遷移預計耗時4-6 週，包含智能合約審計期；Polygon 原合約將升級為唯讀模式，禁止資產轉移和狀態變更。提案指出：「自2022 年以來，Polygon PoS 鏈的TVL 持續停滯或下降。儘管遊戲部署位置理論上不應影響體驗，但實際用戶流量始終追隨流動性。」（The Block）
",2025-04-08 23:04:40,https://www.odaily.news/zhtw/newsflash/426339,newsflashes,426339,,,,,
